gene1	gene2	correlation
ENSG00000171345	ENSG00000111057	0.6092818608327889
ENSG00000111057	ENSG00000170421	0.6302999619346507
